{
    "plane_name": "Template Plane File",
    "plane_info": [
        {"info_one": "Test Info One"}, {"info_two": "Test Info Two"}
    ],
    "checklists" : [
        {
            "checklist_name" : "Test_Checklist_One",
            "checklist_message": "First Test Checklist",
            "checklist_steps" : [
                {"step_number" : "1", "step_title" : "Step One", "step_text" : "Do Step One"},
                {"step_number" : "3", "step_title" : "Step Three", "step_text" : "Do Step Three"},
                {"step_number" : "2", "step_title" : "Step Two", "step_text" : "Do Step Two"}
        ]},
        {
            "checklist_name" : "Test_Checklist_Two",
            "checklist_message": "Second Test Checklist",
            "checklist_steps" : [
                {"step_number" : "1", "step_title" : "Step One", "step_text" : "Do Step One"},
                {"step_number" : "2", "step_title" : "Step Two", "step_text" : "Do Step Two"},
                {"step_number" : "3", "step_title" : "Step Three", "step_text" : "Do Step Three"}
            ]}
    ]
}